CREATE TABLE USUARIO (
	ID BIGINT(20) PRIMARY KEY AUTO_INCREMENT,
	NOME VARCHAR(50) NOT NULL,
	EMAIL VARCHAR(50) NOT NULL,
	SENHA  VARCHAR(150) NOT NULL
) ENGINE=InnoDB DEFAULT CHARSET=UTF8;

CREATE TABLE PERMISSAO (
	ID BIGINT(20) PRIMARY KEY,
	DESCRICAO VARCHAR(50) NOT NULL
) ENGINE=InnoDB DEFAULT CHARSET=UTF8;

CREATE TABLE USUARIO_PERMISSAO (
	ID_USUARIO BIGINT(20) NOT NULL,
	ID_PERMISSAO BIGINT(20) NOT NULL,
	PRIMARY KEY (ID_USUARIO, ID_PERMISSAO),
	FOREIGN KEY (ID_USUARIO) REFERENCES USUARIO(ID),
	FOREIGN KEY (ID_PERMISSAO) REFERENCES PERMISSAO(ID)	
) ENGINE=InnoDB DEFAULT CHARSET=UTF8;

INSERT INTO USUARIO (NOME, EMAIL, SENHA) VALUES ('Administrador', 'admin@algamoney.com', '$2a$10$X607ZPhQ4EgGNaYKt3n4SONjIv9zc.VMWdEuhCuba7oLAL5IvcL5.');
INSERT INTO USUARIO (NOME, EMAIL, SENHA) VALUES ('Christiano Soneghett', 'cpsoneghett@gmail.com', '$2a$10$AOCmW1KXUqtYl93JQBhBLus.9tq.l1uWeBe6PPYpZt2XFawymCUhK');

INSERT INTO PERMISSAO (ID, DESCRICAO) VALUES (1, 'ROLE_CADASTRAR_CATEGORIA');
INSERT INTO PERMISSAO (ID, DESCRICAO) VALUES (2, 'ROLE_PESQUISAR_CATEGORIA');
INSERT INTO PERMISSAO (ID, DESCRICAO) VALUES (3, 'ROLE_CADASTRAR_PESSOA');
INSERT INTO PERMISSAO (ID, DESCRICAO) VALUES (4, 'ROLE_REMOVER_PESSOA');
INSERT INTO PERMISSAO (ID, DESCRICAO) VALUES (5, 'ROLE_PESQUISAR_PESSOA');
INSERT INTO PERMISSAO (ID, DESCRICAO) VALUES (6, 'ROLE_CADASTRAR_LANCAMENTO');
INSERT INTO PERMISSAO (ID, DESCRICAO) VALUES (7, 'ROLE_REMOVER_LANCAMENTO');
INSERT INTO PERMISSAO (ID, DESCRICAO) VALUES (8, 'ROLE_PESQUISAR_LANCAMENTO');

/*ADMIN*/
INSERT INTO USUARIO_PERMISSAO (ID_USUARIO, ID_PERMISSAO) VALUES (1, 1);
INSERT INTO USUARIO_PERMISSAO (ID_USUARIO, ID_PERMISSAO) VALUES (1, 2);
INSERT INTO USUARIO_PERMISSAO (ID_USUARIO, ID_PERMISSAO) VALUES (1, 3);
INSERT INTO USUARIO_PERMISSAO (ID_USUARIO, ID_PERMISSAO) VALUES (1, 4);
INSERT INTO USUARIO_PERMISSAO (ID_USUARIO, ID_PERMISSAO) VALUES (1, 5);
INSERT INTO USUARIO_PERMISSAO (ID_USUARIO, ID_PERMISSAO) VALUES (1, 6);
INSERT INTO USUARIO_PERMISSAO (ID_USUARIO, ID_PERMISSAO) VALUES (1, 7);
INSERT INTO USUARIO_PERMISSAO (ID_USUARIO, ID_PERMISSAO) VALUES (1, 8);

/*USER*/
INSERT INTO USUARIO_PERMISSAO (ID_USUARIO, ID_PERMISSAO) VALUES (2, 2);
INSERT INTO USUARIO_PERMISSAO (ID_USUARIO, ID_PERMISSAO) VALUES (2, 5);
INSERT INTO USUARIO_PERMISSAO (ID_USUARIO, ID_PERMISSAO) VALUES (2, 8);

